Workbook

Sheet 中国区项目计划书
B1: Imagine Cup 2016 微软“创新杯”全球学生科技大赛
B2: 中国区比赛项目计划书
B3: 参赛信息
B4: 参赛队伍名称 | C4: DogePlus
B5: 参赛作品名称 | C5: 基于Kinect的交互式广告展示
B6: 队长姓名 | C6: 刘宸
B7: 学校名称 | C7: 北京邮电大学
B8: 联系电话 | C8: 13120395523
B9: 电子邮箱 | C9: cyoc@foxmail.com
B10: 邮寄地址 | C10: 北京市海淀区西土城路10号北京邮电大学 | L10: 世界公民（World Citizenship）
B11: 团队新浪微博账号 | C11: dogeplus@126.com | L11: 游戏（Games）
B12: 参赛区域/校区 | C12: (如果参加了区域选拔赛，请填写所参赛的区域或校区；未参加区域选拔赛的团队请忽略此项) | L12: 最佳创新（Innovation）
B13: 参赛项目 | C13: 最佳创新（Innovation）
B14: 团队信息
B15:  所有团队成员必须在2015年12月31日前在www.imaginecup.com完成注册和组队  团队在2015年12月31日前可以对团员和指导教师进行修改，2015年12月31日后不接受团队信息的修改  团队成员信息以在www.imaginecup.com上注册的信息为准，该信息将作为我们颁发相关证书的依据
B16: 姓名 | C16: 学校名称 | D16: 院系/年级 | E16: 电话 | F16: IC站点注册Email
B17: 刘宸 | C17: 北京邮电大学 | D17: 数字媒体与设计艺术学院/2013级 | E17: 13120395523 | F17: cyocliu@outlook.com
B18: 吕佳 | C18: 北京邮电大学 | D18: 数字媒体与设计艺术学院/2013级 | E18: 13269627867 | F18: yogalv@hotmail.com
B19: 杨丹雯 | C19: 北京邮电大学 | D19: 数字媒体与设计艺术学院/2013级 | E19: 18511870035 | F19: zoeyangdw@hotmail.com
B20: 章达闻 | C20: 北京邮电大学 | D20: 数字媒体与设计艺术学院/2013级 | E20: 15311474053 | F20: zdwchang@gmail.com
B21: <导师>李萌 | C21: 北京邮电大学 | D21: 数字媒体与设计艺术学院 | E21: 13810196881 | F21: thisislimeng@foxmail.com
B22: 项目计划书
B23: 1. Preliminary Summary项目概述（英文）（此部分为必选部分）
B24: 概述应简单描述团队参赛项目的基本设计，总结解决方案的独特功能以及它如何回应所参加的比赛项目对参赛作品的要求。同时，该总结应归纳在参赛作品中计划使用的任何第三方内容。概述部分不得少于600字符（包括空格）。
B25: Project Name： | C25: The interactive advertisement display based on Kinect
B26: Project Design Preliminary Summary：
B27: This is an interactive advertisement based on Kinect. It breaks the traditional one-way mode of adv information transmission in which it is only from the advertiser to the customer. It enables the potential customers to be one of the developers. We will be using public advertising screen to show our advertisement. The adv videos will be opened by recognising people's actions. Meantime people will be attracted by this innovation and caught attention. The basic interactive motions in the advertisement will help people know more about the products. We will be using mechanical watch as the subject of this innovative advertising method as mechanical watch possess both artistic values and interactive opportunities. When Kinect catches the actions pre-set by the developers, the time-gate in the adv video will open automatically. The user would now be able to interact with the video by using hands. The internal and outside structures of the watch will be shown to the user in a 3-D dimension. The instant-motion-catching function of Kinect will record how many times the user waves his arms and calculate how long a watch can be powered by the energy provided this arm-waving motion. We aim to achieve better promotion effects by using this interactive advertising mode and produce better visual effects to show the products. In order to enhance the recognizing precision of Kinect and give our users a better experience, we used detection method based on Kinect in-depth statistics. We removed the background to get the depth area where the person is, thereby lifting the whole subject by using algorithm for regional growth. By using depth data，skeleton data，gesture state and extraction and display of people binary image to catch the users' gestures as precisely as possible. In order to enhance the interactive possibility, we combined the interactive motions with the content of the adv video. We produced the video by these interactive motions but not just for the sake of being interactive. We aim to let people be more attracted by the advertisement and enhance the content of the adv.
B32: 2. 市场分析
B33: a) 作品的灵感从何而来？ b) 作品针对的目标用户群体是什么？该用户群体有何特点？ c) 作品的使用场景是什么？ d) 市场上是否有类似的作品？参赛的作品和已有的作品有何不同？
B34: 随着信息技术的迅速发展，广告的形式也变得多种多样，从最初单一的进行商品信息传播到现在发展成一个大文化产业，广告在我们生活中已经随处可见。近几年，随着交互技术的不断进步，人机交互的可能性变得越来越多，所以我们想利用最新的这种交互技术去设计广告，使广告的宣传效果更好，形式更加丰富。 我们设计的交互式广告主要的使用场景主要分为两种，第一种是在公交车站上的广告牌、机场候机厅里的广告牌以及各大商场里的广告牌等公共区域，用交互式广告屏代替原来的滚动式广告屏，面向的人群主要为看到广告牌的路人。第二种是在各个公司里的产品展示屏，可以作为公司产品的介绍手段，面向的人群为公司的员工和参观公司的来访者，更加丰富的展示手段可以让他们对产品的印象更加深刻。 交互式广告在国外一些品牌宣传中已有出现，例如可口可乐公司也做了3D互动广告，当人们从广告牌前走过时，会看到画面里的人跃起欢呼，与我们产生共鸣。微软也推出NUAds交互式广告平台，其中利用了Kinect的体感技术。而我们设计的交互式广告虽然也利用了Kinect体感技术，但用户和广告进行的体感交互是基于广告内容而进行设计的，不是所谓的“为了交互而交互”，同时我们利用机械表有很高的艺术价值和内涵并且交互形式更加丰富等优势，将它作为我们的广告内容，可以让用户与广告的交互更加自然，从而体现出交互式广告的创新之处。
B39: 3. 影响力/创新性/娱乐性 分析（请根据投稿竞赛单元选择）
B40: [世界公民] a) 作品所能影响的地域范围或影响的人口数量？ b) 作品试图解决问题的现实意义？ c) 作品针对现有解决方案是否有创新或者改进？ [创新] a) 作品是否具有创新性和突破性？ b) 作品是否有全新的功能或者在很大程度上提升了已有应用的功能？ [游戏] a) 游戏的设计理念？ b) 游戏的设计如何引人入胜？
B41: 【创新】将体感交互融入进广告中不仅丰富了广告的表现形式与内容，提高了广告的传播效果以及趣味性，也很大程度上体现了广告所具有的时代文化的结晶。我们设计的交互式广告主要的创新点有以下三点： 1、在人们不知道会和广告牌有交互的情况下，我们通过判断路过的人的动作来开启这则广告的交互视频，带给人们一种惊奇性，吸引人们主动去关注这个交互广告，让人们参与到广告中。 2、在交互视频中，产品的内容与用户的交互动作是紧密联系的，通过体感的交互可以更好的感受产品的特点并且带给人们更多的趣味性。 3、交互视频依据人们会做出的体感动作来制作，并且包含的广告信息内容也更加丰富，交互动作不仅仅是使视频继续，还将与视频内容相结合，给予观看者全新的体验。 现在公共场合内主要的广告屏都是数字广告屏，广告屏在我们的生活中已经无处不在，如果把已有的体感技术——Kinect加入到广告屏中，并且制作出可以交互的广告视频，那对广告行业必将是一个巨大的发展，在交互式广告中带给人们的体验和在现有的广告屏上的体验是完全不同的。所以，将Kinect加入到广告屏中并且制作出独特的交互式广告视频是我们最大的一个创新点。
B46: 4. 商业模式
B47: a) 商业模式是否有可实施的计划？ b) 作品完成过程中是否有外部市场调查，焦点小组测试和beta测试的计划？
B48: 由于交互式广告投入市场需要对已有的广告牌或者广告屏进行改造，并且广告视频内容需要进行针对性设计，所以将它直接投入市场或者寻求与广告公司的合作是不可取的。我们是在广告呈现模式上进行创新，利用了机械表作为我们包装的内容，所以我们将产品销售的目标客户定位在各大制表公司，直接寻求与他们的合作，争取形成“产学研”的模式，根据他们的要求和定位，我们对产品继续进行研究和修改，以达到合作的目的。我们希望通过寻求与一家制表公司的合作来推广我们的创新模式，各大公司再去寻求与广告公司进行合作，最后将产品推广到市场上。我们通过申请技术版权来对我们的技术进行保护，通过合作来进行盈利。 在产品的研究过程中，我们会进行外部市场的调查，调查方向分为两方面，一方面调查路人对交互式广告这一创新的感兴趣程度，针对这一调查我们在研究过程中可以对产品的设计进行改进；另一方面我们会调查各大制表公司是否对我们的创新感兴趣，是否有合作的意向，针对这一调查可以对我们的商业模式进行调整。
B53: 5. 系统设计概述
... B72: 大赛官方微博：新浪微博@微软创新杯

Sheet 汇总
A1: 参赛队伍名称 | B1: 参赛作品名称 | C1: 队长姓名 | D1: 学校名称 | E1: 联系电话 | F1: 电子邮箱 | G1: 邮寄地址 | H1: 团队新浪微博账号 | I1: 参赛区域/校区 | J1: 参赛项目 | K1: 选手一 | L1: 学校名称1 | M1: 院系/年级1 | N1: 电话1 | O1: IC站点注册Email1 | P1: 选手二 | Q1: 学校名称2 | R1: 院系/年级2 | S1: 电话2 | T1: IC站点注册Email2 | U1: 选手三 | V1: 学校名称3 | W1: 院系/年级3 | X1: 电话3 | Y1: IC站点注册Email3 | Z1: 选手四 | AA1: 学校名称4 | AB1: 院系/年级4 | AC1: 电话4 | AD1: IC站点注册Email4 | AE1: 导师 | AF1: 学校名称5 | AG1: 院系/年级5 | AH1: 电话5 | AI1: IC站点注册Email5
A2: =中国区项目计划书!C4 -> DogePlus | B2: =中国区项目计划书!C5 -> 基于Kinect的交互式广告展示 | C2: =中国区项目计划书!C6 -> 刘宸 | D2: =中国区项目计划书!C7 -> 北京邮电大学 | E2: =中国区项目计划书!C8 -> 13120395523 | F2: =中国区项目计划书!C9 -> cyoc@foxmail.com | G2: =中国区项目计划书!C10 -> 北京市海淀区西土城路10号北京邮电大学 | H2: =中国区项目计划书!C11 -> dogeplus@126.com | I2: =中国区项目计划书!C12 -> (如果参加了区域选拔赛，请填写所参赛的区域或校区；未参加区域选拔赛的团队请忽略此项) | J2: =中国区项目计划书!C13 -> 最佳创新（Innovation） | K2: =中国区项目计划书!B17 -> 刘宸 | L2: =中国区项目计划书!C17 -> 北京邮电大学 | M2: =中国区项目计划书!D17 -> 数字媒体与设计艺术学院/2013级 | N2: =中国区项目计划书!E17 -> 13120395523 | O2: =中国区项目计划书!F17 -> cyocliu@outlook.com | P2: =中国区项目计划书!B18 -> 吕佳 | Q2: =中国区项目计划书!C18 -> 北京邮电大学 | R2: =中国区项目计划书!D18 -> 数字媒体与设计艺术学院/2013级 | S2: =中国区项目计划书!E18 -> 13269627867 | T2: =中国区项目计划书!F18 -> yogalv@hotmail.com | U2: =中国区项目计划书!B19 -> 杨丹雯 | V2: =中国区项目计划书!C19 -> 北京邮电大学 | W2: =中国区项目计划书!D19 -> 数字媒体与设计艺术学院/2013级 | X2: =中国区项目计划书!E19 -> 18511870035 | Y2: =中国区项目计划书!F19 -> zoeyangdw@hotmail.com | Z2: =中国区项目计划书!B20 -> 章达闻 | AA2: =中国区项目计划书!C20 -> 北京邮电大学 | AB2: =中国区项目计划书!D20 -> 数字媒体与设计艺术学院/2013级 | AC2: =中国区项目计划书!E20 -> 15311474053 | AD2: =中国区项目计划书!F20 -> zdwchang@gmail.com | AE2: =中国区项目计划书!B21 -> <导师>李萌 | AF2: =中国区项目计划书!C21 -> 北京邮电大学 | AG2: =中国区项目计划书!D21 -> 数字媒体与设计艺术学院 | AH2: =中国区项目计划书!E21 -> 13810196881 | AI2: =中国区项目计划书!F21 -> thisislimeng@foxmail.com
